"","region","species","fishery","year","totalCatch","data"
"1","Alaska","Pink","Commercial",1951,56852260,"npafc"
"2","Alaska","Pink","Commercial",1952,39723150,"npafc"
"3","Alaska","Pink","Commercial",1953,31341920,"npafc"
"4","Alaska","Pink","Commercial",1954,45780940,"npafc"
"5","Alaska","Pink","Commercial",1955,49649860,"npafc"
"6","Alaska","Pink","Commercial",1956,52841260,"npafc"
"7","Alaska","Pink","Commercial",1957,27508230,"npafc"
"8","Alaska","Pink","Commercial",1958,52198580,"npafc"
"9","Alaska","Pink","Commercial",1959,21860770,"npafc"
"10","Alaska","Pink","Commercial",1960,32158610,"npafc"
"11","Alaska","Pink","Commercial",1961,43011540,"npafc"
"12","Alaska","Pink","Commercial",1962,87727670,"npafc"
"13","Alaska","Pink","Commercial",1963,68551300,"npafc"
"14","Alaska","Pink","Commercial",1964,90581520,"npafc"
"15","Alaska","Pink","Commercial",1965,40694670,"npafc"
"16","Alaska","Pink","Commercial",1966,80102600,"npafc"
"17","Alaska","Pink","Commercial",1967,13118440,"npafc"
"18","Alaska","Pink","Commercial",1968,89453210,"npafc"
"19","Alaska","Pink","Commercial",1969,51534760,"npafc"
"20","Alaska","Pink","Commercial",1970,62294700,"npafc"
"21","Alaska","Pink","Commercial",1971,47056750,"npafc"
"22","Alaska","Pink","Commercial",1972,31840770,"npafc"
"23","Alaska","Pink","Commercial",1973,19601020,"npafc"
"24","Alaska","Pink","Commercial",1974,19717160,"npafc"
"25","Alaska","Pink","Commercial",1975,25967540,"npafc"
"26","Alaska","Pink","Commercial",1976,49501700,"npafc"
"27","Alaska","Pink","Commercial",1977,57173700,"npafc"
"28","Alaska","Pink","Commercial",1978,107629260,"npafc"
"29","Alaska","Pink","Commercial",1979,100271200,"npafc"
"30","Alaska","Pink","Commercial",1980,126563930,"npafc"
"31","Alaska","Pink","Commercial",1981,120033290,"npafc"
"32","Alaska","Pink","Commercial",1982,129656660,"npafc"
"33","Alaska","Pink","Commercial",1983,120674100,"npafc"
"34","Alaska","Pink","Commercial",1984,152480530,"npafc"
"35","Alaska","Pink","Commercial",1985,180679220,"npafc"
"36","Alaska","Pink","Commercial",1986,154639790,"npafc"
"37","Alaska","Pink","Commercial",1987,92973780,"npafc"
"38","Alaska","Pink","Commercial",1988,100715210,"npafc"
"39","Alaska","Pink","Commercial",1989,193738080,"npafc"
"40","Alaska","Pink","Commercial",1990,176416460,"npafc"
"41","Alaska","Pink","Commercial",1991,256678720,"npafc"
"42","Alaska","Pink","Commercial",1992,121036070,"npafc"
"43","Alaska","Pink","Commercial",1993,219586490,"npafc"
"44","Alaska","Pink","Commercial",1994,232699290,"npafc"
"45","Alaska","Pink","Commercial",1995,256653510,"npafc"
"46","Alaska","Pink","Commercial",1996,195674540,"npafc"
"47","Alaska","Pink","Commercial",1997,143898240,"npafc"
"48","Alaska","Pink","Commercial",1998,209559090,"npafc"
"49","Alaska","Pink","Commercial",1999,292188610,"npafc"
"50","Alaska","Pink","Commercial",2000,150345560,"npafc"
"51","Alaska","Pink","Commercial",2001,255703170,"npafc"
"52","Alaska","Pink","Commercial",2002,174621690,"npafc"
"53","Alaska","Pink","Commercial",2003,248485540,"npafc"
"54","Alaska","Pink","Commercial",2004,199867580,"npafc"
"55","Alaska","Pink","Commercial",2005,322503820,"npafc"
"56","Alaska","Pink","Commercial",2006,145642670,"npafc"
"57","Alaska","Pink","Commercial",2007,288174400,"npafc"
"58","Alaska","Pink","Commercial",2008,168179230,"npafc"
"59","Alaska","Pink","Commercial",2009,194410920,"npafc"
"60","Alaska","Pink","Commercial",2010,215363970,"npafc"
"61","Alaska","Pink","Commercial",2011,232319650,"npafc"
"62","Alaska","Pink","Commercial",2012,136091170,"npafc"
"63","Alaska","Pink","Commercial",2013,452591840,"npafc"
"64","Alaska","Pink","Commercial",2014,191432110,"npafc"
"65","Alaska","Pink","Commercial",2015,381441160,"npafc"
"66","Alaska","Sockeye","Commercial",1951,19305620,"npafc"
"67","Alaska","Sockeye","Commercial",1952,33858330,"npafc"
"68","Alaska","Sockeye","Commercial",1953,23585290,"npafc"
"69","Alaska","Sockeye","Commercial",1954,19278740,"npafc"
"70","Alaska","Sockeye","Commercial",1955,17421120,"npafc"
"71","Alaska","Sockeye","Commercial",1956,29566720,"npafc"
"72","Alaska","Sockeye","Commercial",1957,19781680,"npafc"
"73","Alaska","Sockeye","Commercial",1958,12208390,"npafc"
"74","Alaska","Sockeye","Commercial",1959,16153140,"npafc"
"75","Alaska","Sockeye","Commercial",1960,35667920,"npafc"
"76","Alaska","Sockeye","Commercial",1961,32162610,"npafc"
"77","Alaska","Sockeye","Commercial",1962,18593370,"npafc"
"78","Alaska","Sockeye","Commercial",1963,12430800,"npafc"
"79","Alaska","Sockeye","Commercial",1964,19932180,"npafc"
"80","Alaska","Sockeye","Commercial",1965,59540980,"npafc"
"81","Alaska","Sockeye","Commercial",1966,30146710,"npafc"
"82","Alaska","Sockeye","Commercial",1967,17152800,"npafc"
"83","Alaska","Sockeye","Commercial",1968,16259310,"npafc"
"84","Alaska","Sockeye","Commercial",1969,22833640,"npafc"
"85","Alaska","Sockeye","Commercial",1970,55267850,"npafc"
"86","Alaska","Sockeye","Commercial",1971,28359230,"npafc"
"87","Alaska","Sockeye","Commercial",1972,13179230,"npafc"
"88","Alaska","Sockeye","Commercial",1973,8980400,"npafc"
"89","Alaska","Sockeye","Commercial",1974,9756660,"npafc"
"90","Alaska","Sockeye","Commercial",1975,14906780,"npafc"
"91","Alaska","Sockeye","Commercial",1976,23566700,"npafc"
"92","Alaska","Sockeye","Commercial",1977,24920240,"npafc"
"93","Alaska","Sockeye","Commercial",1978,36276740,"npafc"
"94","Alaska","Sockeye","Commercial",1979,57445310,"npafc"
"95","Alaska","Sockeye","Commercial",1980,66615210,"npafc"
"96","Alaska","Sockeye","Commercial",1981,72685970,"npafc"
"97","Alaska","Sockeye","Commercial",1982,57663850,"npafc"
"98","Alaska","Sockeye","Commercial",1983,105450980,"npafc"
"99","Alaska","Sockeye","Commercial",1984,76702110,"npafc"
"100","Alaska","Sockeye","Commercial",1985,77968960,"npafc"
"101","Alaska","Sockeye","Commercial",1986,64415070,"npafc"
"102","Alaska","Sockeye","Commercial",1987,70859570,"npafc"
"103","Alaska","Sockeye","Commercial",1988,60076000,"npafc"
"104","Alaska","Sockeye","Commercial",1989,88278940,"npafc"
"105","Alaska","Sockeye","Commercial",1990,105385520,"npafc"
"106","Alaska","Sockeye","Commercial",1991,89293030,"npafc"
"107","Alaska","Sockeye","Commercial",1992,116565020,"npafc"
"108","Alaska","Sockeye","Commercial",1993,128625220,"npafc"
"109","Alaska","Sockeye","Commercial",1994,104839320,"npafc"
"110","Alaska","Sockeye","Commercial",1995,127063860,"npafc"
"111","Alaska","Sockeye","Commercial",1996,100547700,"npafc"
"112","Alaska","Sockeye","Commercial",1997,62173380,"npafc"
"113","Alaska","Sockeye","Commercial",1998,45446020,"npafc"
"114","Alaska","Sockeye","Commercial",1999,89358100,"npafc"
"115","Alaska","Sockeye","Commercial",2000,66939670,"npafc"
"116","Alaska","Sockeye","Commercial",2001,53046850,"npafc"
"117","Alaska","Sockeye","Commercial",2002,44420500,"npafc"
"118","Alaska","Sockeye","Commercial",2003,61824580,"npafc"
"119","Alaska","Sockeye","Commercial",2004,89690520,"npafc"
"120","Alaska","Sockeye","Commercial",2005,86775580,"npafc"
"121","Alaska","Sockeye","Commercial",2006,83297130,"npafc"
"122","Alaska","Sockeye","Commercial",2007,94936380,"npafc"
"123","Alaska","Sockeye","Commercial",2008,78196300,"npafc"
"124","Alaska","Sockeye","Commercial",2009,86660980,"npafc"
"125","Alaska","Sockeye","Commercial",2010,82587910,"npafc"
"126","Alaska","Sockeye","Commercial",2011,80520040,"npafc"
"127","Alaska","Sockeye","Commercial",2012,71594830,"npafc"
"128","Alaska","Sockeye","Commercial",2013,59155620,"npafc"
"129","Alaska","Sockeye","Commercial",2014,88170770,"npafc"
"130","Alaska","Sockeye","Commercial",2015,109511020,"npafc"
"131","British Columbia","Pink","Commercial",1951,NA,"npafc"
"132","British Columbia","Pink","Commercial",1952,NA,"npafc"
"133","British Columbia","Pink","Commercial",1953,NA,"npafc"
"134","British Columbia","Pink","Commercial",1954,NA,"npafc"
"135","British Columbia","Pink","Commercial",1955,NA,"npafc"
"136","British Columbia","Pink","Commercial",1956,NA,"npafc"
"137","British Columbia","Pink","Commercial",1957,NA,"npafc"
"138","British Columbia","Pink","Commercial",1958,NA,"npafc"
"139","British Columbia","Pink","Commercial",1959,NA,"npafc"
"140","British Columbia","Pink","Commercial",1960,NA,"npafc"
"141","British Columbia","Pink","Commercial",1961,NA,"npafc"
"142","British Columbia","Pink","Commercial",1962,NA,"npafc"
"143","British Columbia","Pink","Commercial",1963,NA,"npafc"
"144","British Columbia","Pink","Commercial",1964,NA,"npafc"
"145","British Columbia","Pink","Commercial",1965,NA,"npafc"
"146","British Columbia","Pink","Commercial",1966,NA,"npafc"
"147","British Columbia","Pink","Commercial",1967,NA,"npafc"
"148","British Columbia","Pink","Commercial",1968,NA,"npafc"
"149","British Columbia","Pink","Commercial",1969,NA,"npafc"
"150","British Columbia","Pink","Commercial",1970,NA,"npafc"
"151","British Columbia","Pink","Commercial",1971,NA,"npafc"
"152","British Columbia","Pink","Commercial",1972,NA,"npafc"
"153","British Columbia","Pink","Commercial",1973,NA,"npafc"
"154","British Columbia","Pink","Commercial",1974,NA,"npafc"
"155","British Columbia","Pink","Commercial",1975,NA,"npafc"
"156","British Columbia","Pink","Commercial",1976,NA,"npafc"
"157","British Columbia","Pink","Commercial",1977,NA,"npafc"
"158","British Columbia","Pink","Commercial",1978,NA,"npafc"
"159","British Columbia","Pink","Commercial",1979,NA,"npafc"
"160","British Columbia","Pink","Commercial",1980,NA,"npafc"
"161","British Columbia","Pink","Commercial",1981,NA,"npafc"
"162","British Columbia","Pink","Commercial",1982,NA,"npafc"
"163","British Columbia","Pink","Commercial",1983,NA,"npafc"
"164","British Columbia","Pink","Commercial",1984,NA,"npafc"
"165","British Columbia","Pink","Commercial",1985,NA,"npafc"
"166","British Columbia","Pink","Commercial",1986,NA,"npafc"
"167","British Columbia","Pink","Commercial",1987,NA,"npafc"
"168","British Columbia","Pink","Commercial",1988,NA,"npafc"
"169","British Columbia","Pink","Commercial",1989,NA,"npafc"
"170","British Columbia","Pink","Commercial",1990,NA,"npafc"
"171","British Columbia","Pink","Commercial",1991,NA,"npafc"
"172","British Columbia","Pink","Commercial",1992,NA,"npafc"
"173","British Columbia","Pink","Commercial",1993,NA,"npafc"
"174","British Columbia","Pink","Commercial",1994,NA,"npafc"
"175","British Columbia","Pink","Commercial",1995,NA,"npafc"
"176","British Columbia","Pink","Commercial",1996,5716410,"npafc"
"177","British Columbia","Pink","Commercial",1997,6561580,"npafc"
"178","British Columbia","Pink","Commercial",1998,2422080,"npafc"
"179","British Columbia","Pink","Commercial",1999,6074030,"npafc"
"180","British Columbia","Pink","Commercial",2000,4494330,"npafc"
"181","British Columbia","Pink","Commercial",2001,6826450,"npafc"
"182","British Columbia","Pink","Commercial",2002,5334520,"npafc"
"183","British Columbia","Pink","Commercial",2003,10716340,"npafc"
"184","British Columbia","Pink","Commercial",2004,2349990,"npafc"
"185","British Columbia","Pink","Commercial",2005,8284990,"npafc"
"186","British Columbia","Pink","Commercial",2006,777550,"npafc"
"187","British Columbia","Pink","Commercial",2007,6609160,"npafc"
"188","British Columbia","Pink","Commercial",2008,225560,"npafc"
"189","British Columbia","Pink","Commercial",2009,9805750,"npafc"
"190","British Columbia","Pink","Commercial",2010,777490,"npafc"
"191","British Columbia","Pink","Commercial",2011,5910730,"npafc"
"192","British Columbia","Pink","Commercial",2012,781510,"npafc"
"193","British Columbia","Pink","Commercial",2013,12191430,"npafc"
"194","British Columbia","Pink","Commercial",2014,4239160,"npafc"
"195","British Columbia","Pink","Commercial",2015,1437460,"npafc"
"196","British Columbia","Sockeye","Commercial",1951,NA,"npafc"
"197","British Columbia","Sockeye","Commercial",1952,NA,"npafc"
"198","British Columbia","Sockeye","Commercial",1953,NA,"npafc"
"199","British Columbia","Sockeye","Commercial",1954,NA,"npafc"
"200","British Columbia","Sockeye","Commercial",1955,NA,"npafc"
"201","British Columbia","Sockeye","Commercial",1956,NA,"npafc"
"202","British Columbia","Sockeye","Commercial",1957,NA,"npafc"
"203","British Columbia","Sockeye","Commercial",1958,NA,"npafc"
"204","British Columbia","Sockeye","Commercial",1959,NA,"npafc"
"205","British Columbia","Sockeye","Commercial",1960,NA,"npafc"
"206","British Columbia","Sockeye","Commercial",1961,NA,"npafc"
"207","British Columbia","Sockeye","Commercial",1962,NA,"npafc"
"208","British Columbia","Sockeye","Commercial",1963,NA,"npafc"
"209","British Columbia","Sockeye","Commercial",1964,NA,"npafc"
"210","British Columbia","Sockeye","Commercial",1965,NA,"npafc"
"211","British Columbia","Sockeye","Commercial",1966,NA,"npafc"
"212","British Columbia","Sockeye","Commercial",1967,NA,"npafc"
"213","British Columbia","Sockeye","Commercial",1968,NA,"npafc"
"214","British Columbia","Sockeye","Commercial",1969,NA,"npafc"
"215","British Columbia","Sockeye","Commercial",1970,NA,"npafc"
"216","British Columbia","Sockeye","Commercial",1971,NA,"npafc"
"217","British Columbia","Sockeye","Commercial",1972,NA,"npafc"
"218","British Columbia","Sockeye","Commercial",1973,NA,"npafc"
"219","British Columbia","Sockeye","Commercial",1974,NA,"npafc"
"220","British Columbia","Sockeye","Commercial",1975,NA,"npafc"
"221","British Columbia","Sockeye","Commercial",1976,NA,"npafc"
"222","British Columbia","Sockeye","Commercial",1977,NA,"npafc"
"223","British Columbia","Sockeye","Commercial",1978,NA,"npafc"
"224","British Columbia","Sockeye","Commercial",1979,NA,"npafc"
"225","British Columbia","Sockeye","Commercial",1980,NA,"npafc"
"226","British Columbia","Sockeye","Commercial",1981,NA,"npafc"
"227","British Columbia","Sockeye","Commercial",1982,NA,"npafc"
"228","British Columbia","Sockeye","Commercial",1983,NA,"npafc"
"229","British Columbia","Sockeye","Commercial",1984,NA,"npafc"
"230","British Columbia","Sockeye","Commercial",1985,NA,"npafc"
"231","British Columbia","Sockeye","Commercial",1986,NA,"npafc"
"232","British Columbia","Sockeye","Commercial",1987,NA,"npafc"
"233","British Columbia","Sockeye","Commercial",1988,NA,"npafc"
"234","British Columbia","Sockeye","Commercial",1989,NA,"npafc"
"235","British Columbia","Sockeye","Commercial",1990,NA,"npafc"
"236","British Columbia","Sockeye","Commercial",1991,NA,"npafc"
"237","British Columbia","Sockeye","Commercial",1992,NA,"npafc"
"238","British Columbia","Sockeye","Commercial",1993,NA,"npafc"
"239","British Columbia","Sockeye","Commercial",1994,NA,"npafc"
"240","British Columbia","Sockeye","Commercial",1995,NA,"npafc"
"241","British Columbia","Sockeye","Commercial",1996,6419880,"npafc"
"242","British Columbia","Sockeye","Commercial",1997,11703340,"npafc"
"243","British Columbia","Sockeye","Commercial",1998,1932860,"npafc"
"244","British Columbia","Sockeye","Commercial",1999,774560,"npafc"
"245","British Columbia","Sockeye","Commercial",2000,3562160,"npafc"
"246","British Columbia","Sockeye","Commercial",2001,3033700,"npafc"
"247","British Columbia","Sockeye","Commercial",2002,4211080,"npafc"
"248","British Columbia","Sockeye","Commercial",2003,2789190,"npafc"
"249","British Columbia","Sockeye","Commercial",2004,2439400,"npafc"
"250","British Columbia","Sockeye","Commercial",2005,488400,"npafc"
"251","British Columbia","Sockeye","Commercial",2006,4645290,"npafc"
"252","British Columbia","Sockeye","Commercial",2007,660270,"npafc"
"253","British Columbia","Sockeye","Commercial",2008,766670,"npafc"
"254","British Columbia","Sockeye","Commercial",2009,213340,"npafc"
"255","British Columbia","Sockeye","Commercial",2010,10230460,"npafc"
"256","British Columbia","Sockeye","Commercial",2011,1352430,"npafc"
"257","British Columbia","Sockeye","Commercial",2012,863080,"npafc"
"258","British Columbia","Sockeye","Commercial",2013,314130,"npafc"
"259","British Columbia","Sockeye","Commercial",2014,9288400,"npafc"
"260","British Columbia","Sockeye","Commercial",2015,1215330,"npafc"
"261","Washington","Pink","Commercial",1951,NA,"npafc"
"262","Washington","Pink","Commercial",1952,NA,"npafc"
"263","Washington","Pink","Commercial",1953,NA,"npafc"
"264","Washington","Pink","Commercial",1954,NA,"npafc"
"265","Washington","Pink","Commercial",1955,NA,"npafc"
"266","Washington","Pink","Commercial",1956,NA,"npafc"
"267","Washington","Pink","Commercial",1957,NA,"npafc"
"268","Washington","Pink","Commercial",1958,NA,"npafc"
"269","Washington","Pink","Commercial",1959,NA,"npafc"
"270","Washington","Pink","Commercial",1960,NA,"npafc"
"271","Washington","Pink","Commercial",1961,NA,"npafc"
"272","Washington","Pink","Commercial",1962,NA,"npafc"
"273","Washington","Pink","Commercial",1963,NA,"npafc"
"274","Washington","Pink","Commercial",1964,NA,"npafc"
"275","Washington","Pink","Commercial",1965,NA,"npafc"
"276","Washington","Pink","Commercial",1966,NA,"npafc"
"277","Washington","Pink","Commercial",1967,NA,"npafc"
"278","Washington","Pink","Commercial",1968,NA,"npafc"
"279","Washington","Pink","Commercial",1969,NA,"npafc"
"280","Washington","Pink","Commercial",1970,NA,"npafc"
"281","Washington","Pink","Commercial",1971,NA,"npafc"
"282","Washington","Pink","Commercial",1972,NA,"npafc"
"283","Washington","Pink","Commercial",1973,NA,"npafc"
"284","Washington","Pink","Commercial",1974,NA,"npafc"
"285","Washington","Pink","Commercial",1975,NA,"npafc"
"286","Washington","Pink","Commercial",1976,NA,"npafc"
"287","Washington","Pink","Commercial",1977,NA,"npafc"
"288","Washington","Pink","Commercial",1978,NA,"npafc"
"289","Washington","Pink","Commercial",1979,NA,"npafc"
"290","Washington","Pink","Commercial",1980,NA,"npafc"
"291","Washington","Pink","Commercial",1981,NA,"npafc"
"292","Washington","Pink","Commercial",1982,NA,"npafc"
"293","Washington","Pink","Commercial",1983,NA,"npafc"
"294","Washington","Pink","Commercial",1984,NA,"npafc"
"295","Washington","Pink","Commercial",1985,NA,"npafc"
"296","Washington","Pink","Commercial",1986,NA,"npafc"
"297","Washington","Pink","Commercial",1987,NA,"npafc"
"298","Washington","Pink","Commercial",1988,NA,"npafc"
"299","Washington","Pink","Commercial",1989,NA,"npafc"
"300","Washington","Pink","Commercial",1990,NA,"npafc"
"301","Washington","Pink","Commercial",1991,NA,"npafc"
"302","Washington","Pink","Commercial",1992,NA,"npafc"
"303","Washington","Pink","Commercial",1993,2094570,"npafc"
"304","Washington","Pink","Commercial",1994,200,"npafc"
"305","Washington","Pink","Commercial",1995,2742830,"npafc"
"306","Washington","Pink","Commercial",1996,60,"npafc"
"307","Washington","Pink","Commercial",1997,1873590,"npafc"
"308","Washington","Pink","Commercial",1998,900,"npafc"
"309","Washington","Pink","Commercial",1999,53800,"npafc"
"310","Washington","Pink","Commercial",2000,400,"npafc"
"311","Washington","Pink","Commercial",2001,784300,"npafc"
"312","Washington","Pink","Commercial",2002,340,"npafc"
"313","Washington","Pink","Commercial",2003,1240960,"npafc"
"314","Washington","Pink","Commercial",2004,750,"npafc"
"315","Washington","Pink","Commercial",2005,388000,"npafc"
"316","Washington","Pink","Commercial",2006,NA,"npafc"
"317","Washington","Pink","Commercial",2007,515000,"npafc"
"318","Washington","Pink","Commercial",2008,690,"npafc"
"319","Washington","Pink","Commercial",2009,4726000,"npafc"
"320","Washington","Pink","Commercial",2010,2590,"npafc"
"321","Washington","Pink","Commercial",2011,4523830,"npafc"
"322","Washington","Pink","Commercial",2012,1670,"npafc"
"323","Washington","Pink","Commercial",2013,5858000,"npafc"
"324","Washington","Pink","Commercial",2014,1310,"npafc"
"325","Washington","Pink","Commercial",2015,902110,"npafc"
"326","Washington","Sockeye","Commercial",1951,NA,"npafc"
"327","Washington","Sockeye","Commercial",1952,NA,"npafc"
"328","Washington","Sockeye","Commercial",1953,NA,"npafc"
"329","Washington","Sockeye","Commercial",1954,NA,"npafc"
"330","Washington","Sockeye","Commercial",1955,NA,"npafc"
"331","Washington","Sockeye","Commercial",1956,NA,"npafc"
"332","Washington","Sockeye","Commercial",1957,NA,"npafc"
"333","Washington","Sockeye","Commercial",1958,NA,"npafc"
"334","Washington","Sockeye","Commercial",1959,NA,"npafc"
"335","Washington","Sockeye","Commercial",1960,NA,"npafc"
"336","Washington","Sockeye","Commercial",1961,NA,"npafc"
"337","Washington","Sockeye","Commercial",1962,NA,"npafc"
"338","Washington","Sockeye","Commercial",1963,NA,"npafc"
"339","Washington","Sockeye","Commercial",1964,NA,"npafc"
"340","Washington","Sockeye","Commercial",1965,NA,"npafc"
"341","Washington","Sockeye","Commercial",1966,NA,"npafc"
"342","Washington","Sockeye","Commercial",1967,NA,"npafc"
"343","Washington","Sockeye","Commercial",1968,NA,"npafc"
"344","Washington","Sockeye","Commercial",1969,NA,"npafc"
"345","Washington","Sockeye","Commercial",1970,NA,"npafc"
"346","Washington","Sockeye","Commercial",1971,NA,"npafc"
"347","Washington","Sockeye","Commercial",1972,NA,"npafc"
"348","Washington","Sockeye","Commercial",1973,NA,"npafc"
"349","Washington","Sockeye","Commercial",1974,NA,"npafc"
"350","Washington","Sockeye","Commercial",1975,NA,"npafc"
"351","Washington","Sockeye","Commercial",1976,NA,"npafc"
"352","Washington","Sockeye","Commercial",1977,NA,"npafc"
"353","Washington","Sockeye","Commercial",1978,NA,"npafc"
"354","Washington","Sockeye","Commercial",1979,NA,"npafc"
"355","Washington","Sockeye","Commercial",1980,NA,"npafc"
"356","Washington","Sockeye","Commercial",1981,NA,"npafc"
"357","Washington","Sockeye","Commercial",1982,NA,"npafc"
"358","Washington","Sockeye","Commercial",1983,NA,"npafc"
"359","Washington","Sockeye","Commercial",1984,NA,"npafc"
"360","Washington","Sockeye","Commercial",1985,NA,"npafc"
"361","Washington","Sockeye","Commercial",1986,NA,"npafc"
"362","Washington","Sockeye","Commercial",1987,NA,"npafc"
"363","Washington","Sockeye","Commercial",1988,NA,"npafc"
"364","Washington","Sockeye","Commercial",1989,NA,"npafc"
"365","Washington","Sockeye","Commercial",1990,NA,"npafc"
"366","Washington","Sockeye","Commercial",1991,NA,"npafc"
"367","Washington","Sockeye","Commercial",1992,NA,"npafc"
"368","Washington","Sockeye","Commercial",1993,2727550,"npafc"
"369","Washington","Sockeye","Commercial",1994,1841000,"npafc"
"370","Washington","Sockeye","Commercial",1995,413850,"npafc"
"371","Washington","Sockeye","Commercial",1996,334510,"npafc"
"372","Washington","Sockeye","Commercial",1997,1369500,"npafc"
"373","Washington","Sockeye","Commercial",1998,540700,"npafc"
"374","Washington","Sockeye","Commercial",1999,20700,"npafc"
"375","Washington","Sockeye","Commercial",2000,548300,"npafc"
"376","Washington","Sockeye","Commercial",2001,258200,"npafc"
"377","Washington","Sockeye","Commercial",2002,500300,"npafc"
"378","Washington","Sockeye","Commercial",2003,313390,"npafc"
"379","Washington","Sockeye","Commercial",2004,227710,"npafc"
"380","Washington","Sockeye","Commercial",2005,209000,"npafc"
"381","Washington","Sockeye","Commercial",2006,768000,"npafc"
"382","Washington","Sockeye","Commercial",2007,9000,"npafc"
"383","Washington","Sockeye","Commercial",2008,55760,"npafc"
"384","Washington","Sockeye","Commercial",2009,13040,"npafc"
"385","Washington","Sockeye","Commercial",2010,1976160,"npafc"
"386","Washington","Sockeye","Commercial",2011,288150,"npafc"
"387","Washington","Sockeye","Commercial",2012,172730,"npafc"
"388","Washington","Sockeye","Commercial",2013,40000,"npafc"
"389","Washington","Sockeye","Commercial",2014,724920,"npafc"
"390","Washington","Sockeye","Commercial",2015,92670,"npafc"
"391","Alaska","Pink","Commercial",1910,10724528,"inpfc"
"392","Alaska","Pink","Commercial",1911,22005596,"inpfc"
"393","Alaska","Pink","Commercial",1912,26398288,"inpfc"
"394","Alaska","Pink","Commercial",1913,26777718,"inpfc"
"395","Alaska","Pink","Commercial",1914,16730546,"inpfc"
"396","Alaska","Pink","Commercial",1915,31398609,"inpfc"
"397","Alaska","Pink","Commercial",1916,29831112,"inpfc"
"398","Alaska","Pink","Commercial",1917,43326391,"inpfc"
"399","Alaska","Pink","Commercial",1918,50028101,"inpfc"
"400","Alaska","Pink","Commercial",1919,25766836,"inpfc"
"401","Alaska","Pink","Commercial",1920,30312191,"inpfc"
"402","Alaska","Pink","Commercial",1921,7899372,"inpfc"
"403","Alaska","Pink","Commercial",1922,31232869,"inpfc"
"404","Alaska","Pink","Commercial",1923,43447519,"inpfc"
"405","Alaska","Pink","Commercial",1924,50335739,"inpfc"
"406","Alaska","Pink","Commercial",1925,35445923,"inpfc"
"407","Alaska","Pink","Commercial",1926,53746510,"inpfc"
"408","Alaska","Pink","Commercial",1927,21814218,"inpfc"
"409","Alaska","Pink","Commercial",1928,47182228,"inpfc"
"410","Alaska","Pink","Commercial",1929,39813508,"inpfc"
"411","Alaska","Pink","Commercial",1930,59345222,"inpfc"
"412","Alaska","Pink","Commercial",1931,40583162,"inpfc"
"413","Alaska","Pink","Commercial",1932,35822603,"inpfc"
"414","Alaska","Pink","Commercial",1933,38940068,"inpfc"
"415","Alaska","Pink","Commercial",1934,72800667,"inpfc"
"416","Alaska","Pink","Commercial",1935,49836306,"inpfc"
"417","Alaska","Pink","Commercial",1936,77423822,"inpfc"
"418","Alaska","Pink","Commercial",1937,66283341,"inpfc"
"419","Alaska","Pink","Commercial",1938,54475034,"inpfc"
"420","Alaska","Pink","Commercial",1939,44139321,"inpfc"
"421","Alaska","Pink","Commercial",1940,60766448,"inpfc"
"422","Alaska","Pink","Commercial",1941,77840467,"inpfc"
"423","Alaska","Pink","Commercial",1942,54609556,"inpfc"
"424","Alaska","Pink","Commercial",1943,47248602,"inpfc"
"425","Alaska","Pink","Commercial",1944,37741458,"inpfc"
"426","Alaska","Pink","Commercial",1945,47783264,"inpfc"
"427","Alaska","Pink","Commercial",1946,46644431,"inpfc"
"428","Alaska","Pink","Commercial",1947,34449579,"inpfc"
"429","Alaska","Pink","Commercial",1948,27250403,"inpfc"
"430","Alaska","Pink","Commercial",1949,57006433,"inpfc"
"431","Alaska","Pink","Commercial",1950,19974002,"inpfc"
"432","Alaska","Sockeye","Commercial",1910,19026510,"inpfc"
"433","Alaska","Sockeye","Commercial",1911,17535165,"inpfc"
"434","Alaska","Sockeye","Commercial",1912,28618681,"inpfc"
"435","Alaska","Sockeye","Commercial",1913,28373351,"inpfc"
"436","Alaska","Sockeye","Commercial",1914,30091408,"inpfc"
"437","Alaska","Sockeye","Commercial",1915,25786973,"inpfc"
"438","Alaska","Sockeye","Commercial",1916,29743824,"inpfc"
"439","Alaska","Sockeye","Commercial",1917,37440339,"inpfc"
"440","Alaska","Sockeye","Commercial",1918,35209803,"inpfc"
"441","Alaska","Sockeye","Commercial",1919,15865341,"inpfc"
"442","Alaska","Sockeye","Commercial",1920,20357903,"inpfc"
"443","Alaska","Sockeye","Commercial",1921,26210073,"inpfc"
"444","Alaska","Sockeye","Commercial",1922,33580853,"inpfc"
"445","Alaska","Sockeye","Commercial",1923,26971884,"inpfc"
"446","Alaska","Sockeye","Commercial",1924,19265052,"inpfc"
"447","Alaska","Sockeye","Commercial",1925,15224856,"inpfc"
"448","Alaska","Sockeye","Commercial",1926,31136383,"inpfc"
"449","Alaska","Sockeye","Commercial",1927,17008935,"inpfc"
"450","Alaska","Sockeye","Commercial",1928,27153623,"inpfc"
"451","Alaska","Sockeye","Commercial",1929,19947787,"inpfc"
"452","Alaska","Sockeye","Commercial",1930,10394059,"inpfc"
"453","Alaska","Sockeye","Commercial",1931,20861021,"inpfc"
"454","Alaska","Sockeye","Commercial",1932,25400681,"inpfc"
"455","Alaska","Sockeye","Commercial",1933,31182080,"inpfc"
"456","Alaska","Sockeye","Commercial",1934,30194167,"inpfc"
"457","Alaska","Sockeye","Commercial",1935,10248812,"inpfc"
"458","Alaska","Sockeye","Commercial",1936,34358024,"inpfc"
"459","Alaska","Sockeye","Commercial",1937,31116959,"inpfc"
"460","Alaska","Sockeye","Commercial",1938,34702921,"inpfc"
"461","Alaska","Sockeye","Commercial",1939,24805072,"inpfc"
"462","Alaska","Sockeye","Commercial",1940,11683054,"inpfc"
"463","Alaska","Sockeye","Commercial",1941,14588087,"inpfc"
"464","Alaska","Sockeye","Commercial",1942,12859737,"inpfc"
"465","Alaska","Sockeye","Commercial",1943,26991204,"inpfc"
"466","Alaska","Sockeye","Commercial",1944,19291466,"inpfc"
"467","Alaska","Sockeye","Commercial",1945,15009628,"inpfc"
"468","Alaska","Sockeye","Commercial",1946,14232961,"inpfc"
"469","Alaska","Sockeye","Commercial",1947,25988660,"inpfc"
"470","Alaska","Sockeye","Commercial",1948,19879369,"inpfc"
"471","Alaska","Sockeye","Commercial",1949,11836969,"inpfc"
"472","Alaska","Sockeye","Commercial",1950,14374000,"inpfc"
"473","British Columbia","Pink","Commercial",1920,10204145,"inpfc"
"474","British Columbia","Pink","Commercial",1921,3834039,"inpfc"
"475","British Columbia","Pink","Commercial",1922,10715740,"inpfc"
"476","British Columbia","Pink","Commercial",1923,7917006,"inpfc"
"477","British Columbia","Pink","Commercial",1924,11754395,"inpfc"
"478","British Columbia","Pink","Commercial",1925,7633658,"inpfc"
"479","British Columbia","Pink","Commercial",1926,13603925,"inpfc"
"480","British Columbia","Pink","Commercial",1927,4154595,"inpfc"
"481","British Columbia","Pink","Commercial",1928,14333608,"inpfc"
"482","British Columbia","Pink","Commercial",1929,7551530,"inpfc"
"483","British Columbia","Pink","Commercial",1930,23872907,"inpfc"
"484","British Columbia","Pink","Commercial",1931,3272644,"inpfc"
"485","British Columbia","Pink","Commercial",1932,4024559,"inpfc"
"486","British Columbia","Pink","Commercial",1933,9368319,"inpfc"
"487","British Columbia","Pink","Commercial",1934,9289105,"inpfc"
"488","British Columbia","Pink","Commercial",1935,7404588,"inpfc"
"489","British Columbia","Pink","Commercial",1936,12113672,"inpfc"
"490","British Columbia","Pink","Commercial",1937,10323648,"inpfc"
"491","British Columbia","Pink","Commercial",1938,6990762,"inpfc"
"492","British Columbia","Pink","Commercial",1939,8832117,"inpfc"
"493","British Columbia","Pink","Commercial",1940,3794671,"inpfc"
"494","British Columbia","Pink","Commercial",1941,6154371,"inpfc"
"495","British Columbia","Pink","Commercial",1942,3912532,"inpfc"
"496","British Columbia","Pink","Commercial",1943,9474178,"inpfc"
"497","British Columbia","Pink","Commercial",1944,6636325,"inpfc"
"498","British Columbia","Pink","Commercial",1945,14454083,"inpfc"
"499","British Columbia","Pink","Commercial",1946,3435088,"inpfc"
"500","British Columbia","Pink","Commercial",1947,12334002,"inpfc"
"501","British Columbia","Pink","Commercial",1948,7012802,"inpfc"
"502","British Columbia","Pink","Commercial",1949,10854000,"inpfc"
"503","British Columbia","Pink","Commercial",1950,6876000,"inpfc"
"504","British Columbia","Sockeye","Commercial",1920,4281072,"inpfc"
"505","British Columbia","Sockeye","Commercial",1921,2160382,"inpfc"
"506","British Columbia","Sockeye","Commercial",1922,3959328,"inpfc"
"507","British Columbia","Sockeye","Commercial",1923,4473936,"inpfc"
"508","British Columbia","Sockeye","Commercial",1924,4983233,"inpfc"
"509","British Columbia","Sockeye","Commercial",1925,4989516,"inpfc"
"510","British Columbia","Sockeye","Commercial",1926,4232423,"inpfc"
"511","British Columbia","Sockeye","Commercial",1927,4072108,"inpfc"
"512","British Columbia","Sockeye","Commercial",1928,2447434,"inpfc"
"513","British Columbia","Sockeye","Commercial",1929,3604466,"inpfc"
"514","British Columbia","Sockeye","Commercial",1930,5343078,"inpfc"
"515","British Columbia","Sockeye","Commercial",1931,3069532,"inpfc"
"516","British Columbia","Sockeye","Commercial",1932,3608141,"inpfc"
"517","British Columbia","Sockeye","Commercial",1933,3561770,"inpfc"
"518","British Columbia","Sockeye","Commercial",1934,4584214,"inpfc"
"519","British Columbia","Sockeye","Commercial",1935,4606701,"inpfc"
"520","British Columbia","Sockeye","Commercial",1936,4877731,"inpfc"
"521","British Columbia","Sockeye","Commercial",1937,4593283,"inpfc"
"522","British Columbia","Sockeye","Commercial",1938,5068527,"inpfc"
"523","British Columbia","Sockeye","Commercial",1939,4081527,"inpfc"
"524","British Columbia","Sockeye","Commercial",1940,4221696,"inpfc"
"525","British Columbia","Sockeye","Commercial",1941,5348677,"inpfc"
"526","British Columbia","Sockeye","Commercial",1942,7909848,"inpfc"
"527","British Columbia","Sockeye","Commercial",1943,2066754,"inpfc"
"528","British Columbia","Sockeye","Commercial",1944,2004017,"inpfc"
"529","British Columbia","Sockeye","Commercial",1945,3771483,"inpfc"
"530","British Columbia","Sockeye","Commercial",1946,7104374,"inpfc"
"531","British Columbia","Sockeye","Commercial",1947,3905264,"inpfc"
"532","British Columbia","Sockeye","Commercial",1948,2827921,"inpfc"
"533","British Columbia","Sockeye","Commercial",1949,2959000,"inpfc"
"534","British Columbia","Sockeye","Commercial",1950,4549000,"inpfc"
"535","Washington","Pink","Commercial",1913,15952175,"inpfc"
"536","Washington","Pink","Commercial",1914,83229,"inpfc"
"537","Washington","Pink","Commercial",1915,7411096,"inpfc"
"538","Washington","Pink","Commercial",1916,76136,"inpfc"
"539","Washington","Pink","Commercial",1917,13381556,"inpfc"
"540","Washington","Pink","Commercial",1918,88392,"inpfc"
"541","Washington","Pink","Commercial",1919,4673345,"inpfc"
"542","Washington","Pink","Commercial",1920,19716,"inpfc"
"543","Washington","Pink","Commercial",1921,4412712,"inpfc"
"544","Washington","Pink","Commercial",1922,32315,"inpfc"
"545","Washington","Pink","Commercial",1923,5534086,"inpfc"
"546","Washington","Pink","Commercial",1924,100046,"inpfc"
"547","Washington","Pink","Commercial",1925,6665345,"inpfc"
"548","Washington","Pink","Commercial",1926,24489,"inpfc"
"549","Washington","Pink","Commercial",1927,6526034,"inpfc"
"550","Washington","Pink","Commercial",1928,9481,"inpfc"
"551","Washington","Pink","Commercial",1929,7432802,"inpfc"
"552","Washington","Pink","Commercial",1930,17393,"inpfc"
"553","Washington","Pink","Commercial",1931,8131922,"inpfc"
"554","Washington","Pink","Commercial",1932,8839,"inpfc"
"555","Washington","Pink","Commercial",1933,6039870,"inpfc"
"556","Washington","Pink","Commercial",1934,13090,"inpfc"
"557","Washington","Pink","Commercial",1935,5824689,"inpfc"
"558","Washington","Pink","Commercial",1936,24681,"inpfc"
"559","Washington","Pink","Commercial",1937,5086288,"inpfc"
"560","Washington","Pink","Commercial",1938,7893,"inpfc"
"561","Washington","Pink","Commercial",1939,4067180,"inpfc"
"562","Washington","Pink","Commercial",1940,25937,"inpfc"
"563","Washington","Pink","Commercial",1941,2021027,"inpfc"
"564","Washington","Pink","Commercial",1942,1903,"inpfc"
"565","Washington","Pink","Commercial",1943,972944,"inpfc"
"566","Washington","Pink","Commercial",1944,4287,"inpfc"
"567","Washington","Pink","Commercial",1945,5895111,"inpfc"
"568","Washington","Pink","Commercial",1946,222,"inpfc"
"569","Washington","Pink","Commercial",1947,9372326,"inpfc"
"570","Washington","Pink","Commercial",1948,304,"inpfc"
"571","Washington","Pink","Commercial",1949,7604529,"inpfc"
"572","Washington","Pink","Commercial",1950,10042,"inpfc"
"573","Washington","Sockeye","Commercial",1913,21957306,"inpfc"
"574","Washington","Sockeye","Commercial",1914,3874579,"inpfc"
"575","Washington","Sockeye","Commercial",1915,862771,"inpfc"
"576","Washington","Sockeye","Commercial",1916,862776,"inpfc"
"577","Washington","Sockeye","Commercial",1917,5040522,"inpfc"
"578","Washington","Sockeye","Commercial",1918,825456,"inpfc"
"579","Washington","Sockeye","Commercial",1919,799099,"inpfc"
"580","Washington","Sockeye","Commercial",1920,680077,"inpfc"
"581","Washington","Sockeye","Commercial",1921,1174357,"inpfc"
"582","Washington","Sockeye","Commercial",1922,640397,"inpfc"
"583","Washington","Sockeye","Commercial",1923,686738,"inpfc"
"584","Washington","Sockeye","Commercial",1924,775958,"inpfc"
"585","Washington","Sockeye","Commercial",1925,1274237,"inpfc"
"586","Washington","Sockeye","Commercial",1926,537233,"inpfc"
"587","Washington","Sockeye","Commercial",1927,1018373,"inpfc"
"588","Washington","Sockeye","Commercial",1928,642009,"inpfc"
"589","Washington","Sockeye","Commercial",1929,1314021,"inpfc"
"590","Washington","Sockeye","Commercial",1930,3284720,"inpfc"
"591","Washington","Sockeye","Commercial",1931,743419,"inpfc"
"592","Washington","Sockeye","Commercial",1932,834843,"inpfc"
"593","Washington","Sockeye","Commercial",1933,1611015,"inpfc"
"594","Washington","Sockeye","Commercial",1934,2692041,"inpfc"
"595","Washington","Sockeye","Commercial",1935,717280,"inpfc"
"596","Washington","Sockeye","Commercial",1936,527848,"inpfc"
"597","Washington","Sockeye","Commercial",1937,1001307,"inpfc"
"598","Washington","Sockeye","Commercial",1938,1566491,"inpfc"
"599","Washington","Sockeye","Commercial",1939,592374,"inpfc"
"600","Washington","Sockeye","Commercial",1940,990423,"inpfc"
"601","Washington","Sockeye","Commercial",1941,2149404,"inpfc"
"602","Washington","Sockeye","Commercial",1942,3104982,"inpfc"
"603","Washington","Sockeye","Commercial",1943,289778,"inpfc"
"604","Washington","Sockeye","Commercial",1944,383518,"inpfc"
"605","Washington","Sockeye","Commercial",1945,791023,"inpfc"
"606","Washington","Sockeye","Commercial",1946,3628168,"inpfc"
"607","Washington","Sockeye","Commercial",1947,288993,"inpfc"
"608","Washington","Sockeye","Commercial",1948,1180215,"inpfc"
"609","Washington","Sockeye","Commercial",1949,1317985,"inpfc"
"610","Washington","Sockeye","Commercial",1950,1358593,"inpfc"
